Logistic regression Pool 1,0.957983193277311
Logistic regression Pool 2,0.9514563106796117
